USE projetobd;

INSERT INTO funcao (id, nome) VALUES (1, 'Vendedor');
INSERT INTO funcao (id, nome) VALUES (2, 'Gerente');
INSERT INTO funcao (id, nome) VALUES (3, 'Entregador');

INSERT INTO funcionario (cpf, nome, salario, senha, funcao) VALUES (10000000000, 'Pedro', 200.22, '1234', 1);
INSERT INTO funcionario (cpf, nome, salario, senha, funcao) VALUES (20000000000, 'Luis', 500.21, '1234', 1);
INSERT INTO funcionario (cpf, nome, salario, senha, funcao) VALUES (30000000000, 'Maria', 400.12, '1234', 2);
INSERT INTO funcionario (cpf, nome, salario, senha, funcao) VALUES (40000000000, 'Ricardo', 100.22, '1234', 3);
INSERT INTO funcionario (cpf, nome, salario, senha, funcao) VALUES (50000000000, 'Lucia', 100.22, '1234', 3);
INSERT INTO funcionario (cpf, nome, salario, senha, funcao) VALUES (60000000000, 'Joao', 400.12, '1234', 1);

INSERT INTO codigos_telefone (id, codigo) VALUES (1, 11);
INSERT INTO codigos_telefone (id, codigo) VALUES (2, 12);
INSERT INTO codigos_telefone (id, codigo) VALUES (3, 13);
INSERT INTO codigos_telefone (id, codigo) VALUES (4, 14);
INSERT INTO codigos_telefone (id, codigo) VALUES (5, 15);
INSERT INTO codigos_telefone (id, codigo) VALUES (6, 16);
INSERT INTO codigos_telefone (id, codigo) VALUES (7, 17);
INSERT INTO codigos_telefone (id, codigo) VALUES (8, 18);
INSERT INTO codigos_telefone (id, codigo) VALUES (9, 19);
INSERT INTO codigos_telefone (id, codigo) VALUES (10, 21);
INSERT INTO codigos_telefone (id, codigo) VALUES (11, 22);
INSERT INTO codigos_telefone (id, codigo) VALUES (12, 24);
INSERT INTO codigos_telefone (id, codigo) VALUES (13, 27);
INSERT INTO codigos_telefone (id, codigo) VALUES (14, 28);
INSERT INTO codigos_telefone (id, codigo) VALUES (15, 31);
INSERT INTO codigos_telefone (id, codigo) VALUES (16, 33);
INSERT INTO codigos_telefone (id, codigo) VALUES (17, 34);
INSERT INTO codigos_telefone (id, codigo) VALUES (18, 35);
INSERT INTO codigos_telefone (id, codigo) VALUES (19, 37);
INSERT INTO codigos_telefone (id, codigo) VALUES (20, 38);
INSERT INTO codigos_telefone (id, codigo) VALUES (21, 41);
INSERT INTO codigos_telefone (id, codigo) VALUES (22, 42);
INSERT INTO codigos_telefone (id, codigo) VALUES (23, 43);
INSERT INTO codigos_telefone (id, codigo) VALUES (24, 44);
INSERT INTO codigos_telefone (id, codigo) VALUES (25, 45);
INSERT INTO codigos_telefone (id, codigo) VALUES (26, 46);
INSERT INTO codigos_telefone (id, codigo) VALUES (27, 48);
INSERT INTO codigos_telefone (id, codigo) VALUES (28, 49);
INSERT INTO codigos_telefone (id, codigo) VALUES (29, 51);
INSERT INTO codigos_telefone (id, codigo) VALUES (30, 53);
INSERT INTO codigos_telefone (id, codigo) VALUES (31, 54);
INSERT INTO codigos_telefone (id, codigo) VALUES (32, 55);
INSERT INTO codigos_telefone (id, codigo) VALUES (33, 61);
INSERT INTO codigos_telefone (id, codigo) VALUES (34, 62);
INSERT INTO codigos_telefone (id, codigo) VALUES (35, 63);
INSERT INTO codigos_telefone (id, codigo) VALUES (36, 64);
INSERT INTO codigos_telefone (id, codigo) VALUES (37, 65);
INSERT INTO codigos_telefone (id, codigo) VALUES (38, 66);
INSERT INTO codigos_telefone (id, codigo) VALUES (39, 67);
INSERT INTO codigos_telefone (id, codigo) VALUES (40, 68);
INSERT INTO codigos_telefone (id, codigo) VALUES (41, 69);
INSERT INTO codigos_telefone (id, codigo) VALUES (42, 71);
INSERT INTO codigos_telefone (id, codigo) VALUES (43, 73);
INSERT INTO codigos_telefone (id, codigo) VALUES (44, 74);
INSERT INTO codigos_telefone (id, codigo) VALUES (45, 75);
INSERT INTO codigos_telefone (id, codigo) VALUES (46, 77);
INSERT INTO codigos_telefone (id, codigo) VALUES (47, 79);
INSERT INTO codigos_telefone (id, codigo) VALUES (48, 81);
INSERT INTO codigos_telefone (id, codigo) VALUES (49, 82);
INSERT INTO codigos_telefone (id, codigo) VALUES (50, 83);
INSERT INTO codigos_telefone (id, codigo) VALUES (51, 84);
INSERT INTO codigos_telefone (id, codigo) VALUES (52, 85);
INSERT INTO codigos_telefone (id, codigo) VALUES (53, 86);
INSERT INTO codigos_telefone (id, codigo) VALUES (54, 87);
INSERT INTO codigos_telefone (id, codigo) VALUES (55, 88);
INSERT INTO codigos_telefone (id, codigo) VALUES (56, 89);
INSERT INTO codigos_telefone (id, codigo) VALUES (57, 91);
INSERT INTO codigos_telefone (id, codigo) VALUES (58, 92);
INSERT INTO codigos_telefone (id, codigo) VALUES (59, 93);
INSERT INTO codigos_telefone (id, codigo) VALUES (60, 94);
INSERT INTO codigos_telefone (id, codigo) VALUES (61, 95);
INSERT INTO codigos_telefone (id, codigo) VALUES (62, 96);
INSERT INTO codigos_telefone (id, codigo) VALUES (63, 97);
INSERT INTO codigos_telefone (id, codigo) VALUES (64, 98);
INSERT INTO codigos_telefone (id, codigo) VALUES (65, 99);

INSERT INTO telefone_funcionario(cpf,codigo, numero) VALUES (10000000000,1,37758490);
INSERT INTO telefone_funcionario(cpf,codigo, numero) VALUES (10000000000,1,87258196);
INSERT INTO telefone_funcionario(cpf,codigo, numero) VALUES (20000000000,1,32798130);
INSERT INTO telefone_funcionario(cpf,codigo, numero) VALUES (30000000000,1,34218400);
INSERT INTO telefone_funcionario(cpf,codigo, numero) VALUES (40000000000,1,32718250);
INSERT INTO telefone_funcionario(cpf,codigo, numero) VALUES (50000000000,1,30708100);
INSERT INTO telefone_funcionario(cpf,codigo, numero) VALUES (50000000000,1,86251420);
INSERT INTO telefone_funcionario(cpf,codigo, numero) VALUES (60000000000,1,33018450);
INSERT INTO telefone_funcionario(cpf,codigo, numero) VALUES (60000000000,1,92732780);

INSERT INTO fornecedor(cnpj, nome) VALUES(800000000000,'petrobras');
INSERT INTO fornecedor(cnpj, nome) VALUES(900000000000,'gastudo');
INSERT INTO fornecedor(cnpj, nome) VALUES(880000000000,'vivergas');
INSERT INTO fornecedor(cnpj, nome) VALUES(990000000000,'gasgasgas');
INSERT INTO fornecedor(cnpj, nome) VALUES(770000000000,'gastotal');

INSERT INTO telefone_fornecedor(cnpj,codigo,numero) VALUES (800000000000,1,32259640);
INSERT INTO telefone_fornecedor(cnpj,codigo,numero) VALUES (800000000000,1,32004750);
INSERT INTO telefone_fornecedor(cnpj,codigo,numero) VALUES (900000000000,1,33748301);
INSERT INTO telefone_fornecedor(cnpj,codigo,numero) VALUES (880000000000,1,39947503);
INSERT INTO telefone_fornecedor(cnpj,codigo,numero) VALUES (880000000000,1,30387572);
INSERT INTO telefone_fornecedor(cnpj,codigo,numero) VALUES (990000000000,1,36588429);
INSERT INTO telefone_fornecedor(cnpj,codigo,numero) VALUES (770000000000,1,39837341);
INSERT INTO telefone_fornecedor(cnpj,codigo,numero) VALUES (770000000000,1,39949850);

INSERT INTO produto_estoque(id,nome,qtd,descricao,preco) VALUES (1,'botijao',50,'11kg azul',13.50);
INSERT INTO produto_estoque(id,nome,qtd,descricao,preco) VALUES (2,'botijao',25,'13kg cinza',19.30);
INSERT INTO produto_estoque(id,nome,qtd,descricao,preco) VALUES (3,'mangueira',20,'marca1',10.50);
INSERT INTO produto_estoque(id,nome,qtd,descricao,preco) VALUES (4,'mangueira',18,'marca2',9.70);
INSERT INTO produto_estoque(id,nome,qtd,descricao,preco) VALUES (5,'suporte',5,'marca1',20.00);
INSERT INTO produto_estoque(id,nome,qtd,descricao,preco) VALUES (6,'suporte',7,'marca2',35.00);
INSERT INTO produto_estoque(id,nome,qtd,descricao,preco) VALUES (7,'regulador pressao',5,'marca1',13.50);
INSERT INTO produto_estoque(id,nome,qtd,descricao,preco) VALUES (8,'regulador pressao',2,'marca2',12.50);

INSERT INTO fornecedor_produto(id,cnpj) VALUES (1,800000000000);
INSERT INTO fornecedor_produto(id,cnpj) VALUES (1,880000000000);
INSERT INTO fornecedor_produto(id,cnpj) VALUES (3,900000000000);
INSERT INTO fornecedor_produto(id,cnpj) VALUES (4,900000000000);
INSERT INTO fornecedor_produto(id,cnpj) VALUES (5,800000000000);
INSERT INTO fornecedor_produto(id,cnpj) VALUES (1,770000000000);
INSERT INTO fornecedor_produto(id,cnpj) VALUES (2,990000000000);
INSERT INTO fornecedor_produto(id,cnpj) VALUES (2,800000000000);
INSERT INTO fornecedor_produto(id,cnpj) VALUES (6,800000000000);
INSERT INTO fornecedor_produto(id,cnpj) VALUES (7,990000000000);
INSERT INTO fornecedor_produto(id,cnpj) VALUES (8,990000000000);

INSERT INTO movimentacao (id,descricao, valor, tipo, data_movimentacao, cpf) VALUES (1,	'ventilador', 40.00, 'c',STR_TO_DATE('01,5,2015','%d,%m,%Y'),30000000000);
INSERT INTO movimentacao (id,descricao, valor, tipo, data_movimentacao, cpf) VALUES (2,	'computador', 1500.00, 'c',STR_TO_DATE('01,5,2015','%d,%m,%Y'),30000000000);
INSERT INTO movimentacao (id,descricao, valor, tipo, data_movimentacao, cpf) VALUES (3,	NULL, 29.80, 'v',STR_TO_DATE('02,5,2015','%d,%m,%Y'),20000000000);
INSERT INTO movimentacao (id,descricao, valor, tipo, data_movimentacao, cpf) VALUES (4,	NULL, 47.00, 'v',STR_TO_DATE('02,5,2015','%d,%m,%Y'),30000000000);
INSERT INTO movimentacao (id,descricao, valor, tipo, data_movimentacao, cpf) VALUES (5,	NULL, 38.60, 'v',STR_TO_DATE('02,5,2015','%d,%m,%Y'),20000000000);
INSERT INTO movimentacao (id,descricao, valor, tipo, data_movimentacao, cpf) VALUES (6,	NULL, 40.00, 'c',STR_TO_DATE('03,5,2015','%d,%m,%Y'),30000000000);
INSERT INTO movimentacao (id,descricao, valor, tipo, data_movimentacao, cpf) VALUES (7,	NULL, 19.30, 'v',STR_TO_DATE('03,5,2015','%d,%m,%Y'),20000000000);
INSERT INTO movimentacao (id,descricao, valor, tipo, data_movimentacao, cpf) VALUES (8,	'extintor', 150.00, 'c',STR_TO_DATE('04,5,2015','%d,%m,%Y'),30000000000);
INSERT INTO movimentacao (id,descricao, valor, tipo, data_movimentacao, cpf) VALUES (9,	NULL, 29.80, 'v',STR_TO_DATE('05,5,2015','%d,%m,%Y'),20000000000);

INSERT INTO estoque_movimentacao (id_produto, id_movimentacao, qtd) VALUES (2,3,1);
INSERT INTO estoque_movimentacao (id_produto, id_movimentacao, qtd) VALUES (3,3,1);
INSERT INTO estoque_movimentacao (id_produto, id_movimentacao, qtd) VALUES (2,4,1);
INSERT INTO estoque_movimentacao (id_produto, id_movimentacao, qtd) VALUES (1,4,1);
INSERT INTO estoque_movimentacao (id_produto, id_movimentacao, qtd) VALUES (5,4,1);
INSERT INTO estoque_movimentacao (id_produto, id_movimentacao, qtd) VALUES (7,4,1);
INSERT INTO estoque_movimentacao (id_produto, id_movimentacao, qtd) VALUES (1,5,2);
INSERT INTO estoque_movimentacao (id_produto, id_movimentacao, qtd) VALUES (5,6,2);
INSERT INTO estoque_movimentacao (id_produto, id_movimentacao, qtd) VALUES (3,7,1);
INSERT INTO estoque_movimentacao (id_produto, id_movimentacao, qtd) VALUES (2,7,1);
INSERT INTO estoque_movimentacao (id_produto, id_movimentacao, qtd) VALUES (2,9,1);